시장,종목코드,종목명,분류,1일상승확률,3일상승확률,5일상승확률,다음행동
미국주식,SNDK,SanDisk,실적저평가,60%,63%,65%,초기 추정치입니다. 실제 결과 누적 후 자동 보정
미국주식,NBIS,Nebius,실적저평가,60%,63%,65%,초기 추정치입니다. 실제 결과 누적 후 자동 보정
미국주식,CRCL,Circle,실적저평가,60%,63%,65%,초기 추정치입니다. 실제 결과 누적 후 자동 보정
미국주식,BMNR,BMNR,실적저평가,60%,63%,65%,초기 추정치입니다. 실제 결과 누적 후 자동 보정
미국주식,NVDA,NVIDIA,실적저평가,60%,63%,65%,초기 추정치입니다. 실제 결과 누적 후 자동 보정
미국주식,GOOGL,Alphabet,실적저평가,60%,63%,65%,초기 추정치입니다. 실제 결과 누적 후 자동 보정
미국주식,MSFT,Microsoft,실적저평가,60%,63%,65%,초기 추정치입니다. 실제 결과 누적 후 자동 보정
미국주식,AAPL,Apple,실적저평가,60%,63%,65%,초기 추정치입니다. 실제 결과 누적 후 자동 보정
미국주식,AMZN,Amazon,실적저평가,60%,63%,65%,초기 추정치입니다. 실제 결과 누적 후 자동 보정
